date,ticker,price,decision,rsi,sentiment,reason
2025-12-19,ADA-USDT,0.3767,hold,38.54507011226941,POSITIVE,"Neutral (score=25)"
2025-12-19,BNB-USDT,856.17,hold,43.52855785662722,POSITIVE,"Neutral (score=10)"
2025-12-19,BTC-USDT,88136.94,hold,44.70169896522725,POSITIVE,"Neutral (score=10)"
2025-12-19,DOGE-USDT,0.13222,hold,42.70274712678156,POSITIVE,"Neutral (score=10)"
2025-12-19,DOT-USDT,1.849,buy,32.92069773635776,POSITIVE,"Strong signal (score=45)"
2025-12-19,ETH-USDT,2979.5,hold,46.605432659781634,POSITIVE,"Neutral (score=10)"
2025-12-19,LTC-USDT,77.49,hold,38.92569423761791,POSITIVE,"Neutral (score=25)"
2025-12-19,SOL-USDT,126.27,hold,43.89103853306418,POSITIVE,"Neutral (score=10)"
2025-12-19,XRP-USDT,1.9092,hold,40.946291827287325,POSITIVE,"Neutral (score=10)"
2025-12-20,ADA-USDT,0.373,hold,37.83520634096814,NEGATIVE,"Neutral (score=-20)"
2025-12-20,BNB-USDT,854.17,sell,43.147198753135854,NEGATIVE,"Strong sell signal (score=-35)"
2025-12-20,BTC-USDT,88360.9,sell,45.309904567946205,NEGATIVE,"Strong sell signal (score=-35)"
2025-12-20,DOGE-USDT,0.13194,sell,42.508147874978654,NEGATIVE,"Strong sell signal (score=-35)"
2025-12-20,DOT-USDT,1.832,hold,32.3626266107489,NEGATIVE,"Neutral (score=0)"
2025-12-20,ETH-USDT,2977.93,sell,46.53417109820499,NEGATIVE,"Strong sell signal (score=-35)"
2025-12-20,LTC-USDT,77.84,hold,39.68465408838745,NEGATIVE,"Neutral (score=-20)"
2025-12-20,SOL-USDT,125.81,sell,43.46993875408932,NEGATIVE,"Strong sell signal (score=-35)"
2025-12-20,XRP-USDT,1.9335,sell,42.916330003774455,NEGATIVE,"Strong sell signal (score=-35)"
2025-12-21,ADA-USDT,0.3662,buy,36.50461167842407,POSITIVE,"Strong signal (score=45)"
2025-12-21,BNB-USDT,858.64,hold,44.321314793647545,POSITIVE,"Neutral (score=10)"
2025-12-21,BTC-USDT,88658.86,hold,46.15836012242394,POSITIVE,"Neutral (score=10)"
2025-12-21,DOGE-USDT,0.13112,hold,41.90586479406625,POSITIVE,"Neutral (score=10)"
2025-12-21,DOT-USDT,1.802,buy,31.35255880391326,POSITIVE,"Strong signal (score=45)"
2025-12-21,ETH-USDT,3002.02,hold,47.85176103377846,POSITIVE,"Neutral (score=10)"
2025-12-21,LTC-USDT,76.79,hold,38.15288403800872,POSITIVE,"Neutral (score=25)"
2025-12-21,SOL-USDT,126.03,hold,43.74790839384581,POSITIVE,"Neutral (score=10)"
2025-12-21,XRP-USDT,1.9223,hold,42.217270645784126,POSITIVE,"Neutral (score=10)"
2025-12-22,ADA-USDT,0.3711,hold,38.19143721117231,POSITIVE,"Neutral (score=25)"
2025-12-22,BNB-USDT,858.66,hold,44.3268548230036,POSITIVE,"Neutral (score=10)"
2025-12-22,BTC-USDT,88620.79,hold,46.06003730924369,POSITIVE,"Neutral (score=10)"
2025-12-22,DOGE-USDT,0.13258,buy,43.442402149136775,POSITIVE,"Strong signal (score=40)"
2025-12-22,DOT-USDT,1.784,buy,30.732769049227244,POSITIVE,"Strong signal (score=45)"
2025-12-22,ETH-USDT,3009.49,hold,48.277411099216565,POSITIVE,"Neutral (score=10)"
2025-12-22,LTC-USDT,77.05,hold,38.78298746067379,POSITIVE,"Neutral (score=25)"
2025-12-22,SOL-USDT,125.93,hold,43.64285910784857,POSITIVE,"Neutral (score=10)"
2025-12-22,XRP-USDT,1.9043,hold,41.05970282520593,POSITIVE,"Neutral (score=10)"
2025-12-23,ADA-USDT,0.3628,hold,36.42617878537081,NEGATIVE,"Neutral (score=-20)"
2025-12-23,BNB-USDT,844.3,hold,41.16013925084488,NEGATIVE,"Neutral (score=-15)"
2025-12-23,BTC-USDT,87486,sell,43.112086239933014,NEGATIVE,"Strong sell signal (score=-35)"
2025-12-23,DOGE-USDT,0.12928,hold,40.81471664622361,NEGATIVE,"Neutral (score=-5)"
2025-12-23,DOT-USDT,1.765,hold,30.057327846709896,NEGATIVE,"Neutral (score=0)"
2025-12-23,ETH-USDT,2965.02,sell,45.87671818107387,NEGATIVE,"Strong sell signal (score=-35)"
2025-12-23,LTC-USDT,77.01,hold,38.71763340912483,NEGATIVE,"Neutral (score=10)"
2025-12-23,SOL-USDT,124.01,sell,41.578476031424266,NEGATIVE,"Strong sell signal (score=-35)"
2025-12-23,XRP-USDT,1.8734,hold,39.078778302058396,NEGATIVE,"Neutral (score=0)"
2025-12-24,ADA-USDT,0.3566,buy,35.12031182227215,POSITIVE,"Strong signal (score=45)"
2025-12-24,BNB-USDT,846.58,hold,41.87021704621486,POSITIVE,"Neutral (score=10)"
2025-12-24,BTC-USDT,87669.45,hold,43.73897505962359,POSITIVE,"Neutral (score=10)"
2025-12-24,DOGE-USDT,0.12856,buy,40.24277630781332,POSITIVE,"Strong signal (score=40)"
2025-12-24,DOT-USDT,1.738,buy,29.079270736582743,POSITIVE,"Strong signal (score=45)"
2025-12-24,ETH-USDT,2947.47,hold,44.92721417123632,POSITIVE,"Neutral (score=10)"
2025-12-24,LTC-USDT,75.79,buy,36.68701572020282,POSITIVE,"Strong signal (score=55)"
2025-12-24,SOL-USDT,122.53,hold,40.00752046262813,POSITIVE,"Neutral (score=30)"
2025-12-24,XRP-USDT,1.8628,buy,38.39446835300191,POSITIVE,"Strong signal (score=45)"
2025-12-25,ADA-USDT,0.3434,hold,32.45281097925734,NEGATIVE,"Neutral (score=0)"
2025-12-25,BNB-USDT,829.64,hold,38.18324091614682,NEGATIVE,"Neutral (score=0)"
2025-12-25,BTC-USDT,87225.27,sell,42.51728235229073,NEGATIVE,"Strong sell signal (score=-35)"
2025-12-25,DOGE-USDT,0.12365,hold,36.48773650914301,NEGATIVE,"Neutral (score=0)"
2025-12-25,DOT-USDT,1.685,hold,27.20771524414226,NEGATIVE,"Neutral (score=0)"
2025-12-25,ETH-USDT,2903.95,sell,42.57408261372775,NEGATIVE,"Strong sell signal (score=-35)"
2025-12-25,LTC-USDT,75.71,hold,36.55163991029832,NEGATIVE,"Neutral (score=10)"
2025-12-25,SOL-USDT,120.06,hold,37.46348351903773,NEGATIVE,"Neutral (score=0)"
2025-12-25,XRP-USDT,1.8326,hold,36.43680536589761,NEGATIVE,"Neutral (score=0)"
2025-12-26,ADA-USDT,0.3496,hold,34.95190849495627,POSITIVE,"Neutral (score=25)"
2025-12-26,BNB-USDT,834.72,buy,39.89257987622124,POSITIVE,"Strong signal (score=45)"
2025-12-26,BTC-USDT,87369.56,hold,43.07353172912284,POSITIVE,"Neutral (score=10)"
2025-12-26,DOGE-USDT,0.12211,buy,35.37287510054461,POSITIVE,"Strong signal (score=45)"
2025-12-26,DOT-USDT,1.723,buy,30.65386290354663,POSITIVE,"Strong signal (score=55)"
2025-12-26,ETH-USDT,2927.99,hold,44.30928358866052,POSITIVE,"Neutral (score=10)"
2025-12-26,LTC-USDT,76.87,buy,40.00841936714807,POSITIVE,"Strong signal (score=40)"
2025-12-26,SOL-USDT,122.26,hold,41.05859742349554,POSITIVE,"Neutral (score=10)"
2025-12-26,XRP-USDT,1.8437,hold,37.69427624399512,POSITIVE,"Neutral (score=25)"
2025-12-27,ADA-USDT,0.37,sell,42.491243795663095,NEGATIVE,"Strong sell signal (score=-35)"
2025-12-27,BNB-USDT,845.04,sell,43.321377958317186,NEGATIVE,"Strong sell signal (score=-35)"
2025-12-27,BTC-USDT,87877.01,sell,45.08612511797914,NEGATIVE,"Strong sell signal (score=-35)"
2025-12-27,DOGE-USDT,0.12435,hold,38.32474293425069,NEGATIVE,"Neutral (score=-20)"
2025-12-27,DOT-USDT,1.91,hold,44.56276334527729,NEGATIVE,"Neutral (score=-5)"
2025-12-27,ETH-USDT,2949.05,sell,45.852852457895,NEGATIVE,"Strong sell signal (score=-35)"
2025-12-27,LTC-USDT,80.33,hold,48.943616045937546,NEGATIVE,"Neutral (score=-5)"
2025-12-27,SOL-USDT,124.73,sell,44.88926221420802,NEGATIVE,"Strong sell signal (score=-35)"
2025-12-27,XRP-USDT,1.8735,sell,41.06514914021548,NEGATIVE,"Strong sell signal (score=-35)"
2025-12-28,ADA-USDT,0.3688,hold,42.18153280415926,NEGATIVE,"Neutral (score=-5)"
2025-12-28,BNB-USDT,859.32,sell,47.761903379448704,NEGATIVE,"Strong sell signal (score=-35)"
2025-12-28,BTC-USDT,87952.71,sell,45.39626062572793,NEGATIVE,"Strong sell signal (score=-35)"
2025-12-28,DOGE-USDT,0.12393,hold,37.974507423484006,NEGATIVE,"Neutral (score=-20)"
2025-12-28,DOT-USDT,1.851,hold,41.719575867220634,NEGATIVE,"Neutral (score=-5)"
2025-12-28,ETH-USDT,2950.91,sell,45.99522120354359,NEGATIVE,"Strong sell signal (score=-35)"
2025-12-28,LTC-USDT,78.73,hold,45.56402275626006,NEGATIVE,"Neutral (score=-5)"
2025-12-28,SOL-USDT,125.27,sell,45.71983243025061,NEGATIVE,"Strong sell signal (score=-35)"
2025-12-28,XRP-USDT,1.8654,hold,40.42494669879746,NEGATIVE,"Neutral (score=-5)"
2025-12-29,ADA-USDT,0.3532,hold,38.27574322149699,NEGATIVE,"Neutral (score=10)"
2025-12-29,BNB-USDT,852.46,sell,45.90143648682379,NEGATIVE,"Strong sell signal (score=-35)"
2025-12-29,BTC-USDT,87237.13,sell,42.92818250836419,NEGATIVE,"Strong sell signal (score=-35)"
2025-12-29,DOGE-USDT,0.12288,hold,37.06261895501899,NEGATIVE,"Neutral (score=-20)"
2025-12-29,DOT-USDT,1.824,hold,40.44775984000347,NEGATIVE,"Neutral (score=-5)"
2025-12-29,ETH-USDT,2937.9,sell,45.101949804997886,NEGATIVE,"Strong sell signal (score=-35)"
2025-12-29,LTC-USDT,78.32,hold,44.71201954755853,NEGATIVE,"Neutral (score=-5)"
2025-12-29,SOL-USDT,123.28,hold,43.139592080516174,NEGATIVE,"Neutral (score=-5)"
2025-12-29,XRP-USDT,1.8508,hold,39.23754340057762,NEGATIVE,"Neutral (score=10)"
2025-12-30,ADA-USDT,0.3514,hold,37.840357376872994,NEGATIVE,"Neutral (score=25)"
2025-12-30,BNB-USDT,861.65,hold,48.77987548043565,NEGATIVE,"Neutral (score=10)"
2025-12-30,BTC-USDT,88485.49,hold,48.217373279842015,NEGATIVE,"Neutral (score=10)"
2025-12-30,DOGE-USDT,0.12336,hold,37.79796337437054,NEGATIVE,"Neutral (score=25)"
2025-12-30,DOT-USDT,1.811,hold,39.81835226573451,NEGATIVE,"Neutral (score=25)"
2025-12-30,ETH-USDT,2973.69,hold,48.08871824904564,NEGATIVE,"Neutral (score=-20)"
2025-12-30,LTC-USDT,78.89,hold,46.21770475961308,NEGATIVE,"Neutral (score=10)"
2025-12-30,SOL-USDT,125.01,hold,45.99312127970296,NEGATIVE,"Neutral (score=10)"
2025-12-30,XRP-USDT,1.8776,hold,42.57210187728622,NEGATIVE,"Neutral (score=10)"
2025-12-31,ADA-USDT,0.3335,buy,33.73124302362301,POSITIVE,"Strong signal (score=45)"
2025-12-31,BNB-USDT,864.3,buy,49.61242448128477,POSITIVE,"Strong signal (score=40)"
2025-12-31,BTC-USDT,87648.22,buy,45.19225793833386,POSITIVE,"Strong signal (score=40)"
2025-12-31,DOGE-USDT,0.11747,buy,32.74258326689863,POSITIVE,"Strong signal (score=45)"
2025-12-31,DOT-USDT,1.789,buy,38.7202577002445,POSITIVE,"Strong signal (score=55)"
2025-12-31,ETH-USDT,2971.64,hold,47.927872483736614,POSITIVE,"Neutral (score=10)"
2025-12-31,LTC-USDT,76.85,buy,41.827311669244,POSITIVE,"Strong signal (score=40)"
2025-12-31,SOL-USDT,124.65,buy,45.48161693499443,POSITIVE,"Strong signal (score=40)"
2025-12-31,XRP-USDT,1.8423,buy,39.497445296263905,POSITIVE,"Strong signal (score=55)"
2026-01-01,ADA-USDT,0.3565,hold,42.38817698197445,NEGATIVE,"Neutral (score=-5)"
2026-01-01,BNB-USDT,864.39,hold,49.642362002905884,NEGATIVE,"Neutral (score=-5)"
2026-01-01,BTC-USDT,88839.04,hold,49.997299245566055,NEGATIVE,"Neutral (score=-5)"
2026-01-01,DOGE-USDT,0.12683,hold,45.26987268544802,NEGATIVE,"Neutral (score=-5)"
2026-01-01,DOT-USDT,1.999,sell,52.255380289755436,NEGATIVE,"Strong sell signal (score=-25)"
2026-01-01,ETH-USDT,3004.19,hold,50.74495130009505,NEGATIVE,"Neutral (score=-5)"
2026-01-01,LTC-USDT,79.97,sell,49.69763455892535,NEGATIVE,"Strong sell signal (score=-25)"
2026-01-01,SOL-USDT,126.9,hold,49.27838621473924,NEGATIVE,"Neutral (score=-5)"
2026-01-01,XRP-USDT,1.8799,hold,44.12633177226169,NEGATIVE,"Neutral (score=-5)"
2026-01-02,ADA-USDT,0.3949,sell,53.346162537833585,NEGATIVE,"Strong sell signal (score=-25)"
2026-01-02,BNB-USDT,881.25,sell,55.032400099009436,NEGATIVE,"Strong sell signal (score=-25)"
2026-01-02,BTC-USDT,89995.13,sell,54.195768912598155,NEGATIVE,"Strong sell signal (score=-25)"
2026-01-02,DOGE-USDT,0.14188,sell,58.616917061546445,NEGATIVE,"Strong sell signal (score=-25)"
2026-01-02,DOT-USDT,2.166,sell,59.85009765509749,NEGATIVE,"Strong sell signal (score=-25)"
2026-01-02,ETH-USDT,3125.45,sell,59.52890246066129,NEGATIVE,"Strong sell signal (score=-25)"
2026-01-02,LTC-USDT,81.93,sell,53.91569340161468,NEGATIVE,"Strong sell signal (score=-25)"
2026-01-02,SOL-USDT,132.29,sell,57.0033550985849,NEGATIVE,"Strong sell signal (score=-25)"
2026-01-02,XRP-USDT,2.0069,sell,56.290429819080416,NEGATIVE,"Strong sell signal (score=-25)"
2026-01-03,ADA-USDT,0.3893,sell,51.79884078008906,NEGATIVE,"Strong sell signal (score=-25)"
2026-01-03,BNB-USDT,878.63,sell,54.06398195625399,NEGATIVE,"Strong sell signal (score=-25)"
2026-01-03,BTC-USDT,90628.01,sell,56.35617206756025,NEGATIVE,"Strong sell signal (score=-25)"
2026-01-03,DOGE-USDT,0.14315,sell,59.51416738915311,NEGATIVE,"Strong sell signal (score=-25)"
2026-01-03,DOT-USDT,2.125,sell,57.4345667615297,NEGATIVE,"Strong sell signal (score=-25)"
2026-01-03,ETH-USDT,3127.11,sell,59.635027783646365,NEGATIVE,"Strong sell signal (score=-25)"
2026-01-03,LTC-USDT,82.08,sell,54.23199839426641,NEGATIVE,"Strong sell signal (score=-25)"
2026-01-03,SOL-USDT,133.37,sell,58.37144514784385,NEGATIVE,"Strong sell signal (score=-25)"
2026-01-03,XRP-USDT,2.0182,sell,57.18361625149666,NEGATIVE,"Strong sell signal (score=-25)"
2026-01-04,ADA-USDT,0.4007,hold,54.680633791965214,POSITIVE,"Neutral (score=20)"
2026-01-04,BNB-USDT,895.43,hold,59.0411764400036,POSITIVE,"Neutral (score=20)"
2026-01-04,BTC-USDT,91529.73,hold,59.30155670876091,POSITIVE,"Neutral (score=20)"
2026-01-04,DOGE-USDT,0.14953,hold,63.76453299168405,POSITIVE,"Neutral (score=5)"
2026-01-04,DOT-USDT,2.142,hold,58.188091427336644,POSITIVE,"Neutral (score=20)"
2026-01-04,ETH-USDT,3144.7,hold,60.807806427765854,POSITIVE,"Neutral (score=5)"
2026-01-04,LTC-USDT,82.26,hold,54.63438702593737,POSITIVE,"Neutral (score=20)"
2026-01-04,SOL-USDT,134.12,hold,59.33901037407095,POSITIVE,"Neutral (score=20)"
2026-01-04,XRP-USDT,2.0909,hold,62.493797303619324,POSITIVE,"Neutral (score=5)"
2026-01-05,ADA-USDT,0.4211,sell,59.362725084111865,NEGATIVE,"Strong sell signal (score=-25)"
2026-01-05,BNB-USDT,910.31,sell,62.87775288160296,NEGATIVE,"Strong sell signal (score=-40)"
2026-01-05,BTC-USDT,93859.71,sell,65.73614270846723,NEGATIVE,"Strong sell signal (score=-40)"
2026-01-05,DOGE-USDT,0.15171,sell,65.11230367313058,NEGATIVE,"Strong sell signal (score=-40)"
2026-01-05,DOT-USDT,2.208,sell,61.06953243270334,NEGATIVE,"Strong sell signal (score=-40)"
2026-01-05,ETH-USDT,3224.99,sell,65.7057423518529,NEGATIVE,"Strong sell signal (score=-40)"
2026-01-05,LTC-USDT,83.46,sell,57.32791237418434,NEGATIVE,"Strong sell signal (score=-25)"
2026-01-05,SOL-USDT,137.9,sell,63.893963888776725,NEGATIVE,"Strong sell signal (score=-40)"
2026-01-05,XRP-USDT,2.3478,sell,74.51971077404066,NEGATIVE,"Strong sell signal (score=-60)"
2026-01-06,ADA-USDT,0.4194,sell,58.817387764110464,NEGATIVE,"Strong sell signal (score=-25)"
2026-01-06,BNB-USDT,917.64,sell,64.63508839360834,NEGATIVE,"Strong sell signal (score=-40)"
2026-01-06,BTC-USDT,93747.97,sell,65.20372027665137,NEGATIVE,"Strong sell signal (score=-40)"
2026-01-06,DOGE-USDT,0.15055,sell,63.75345208438483,NEGATIVE,"Strong sell signal (score=-40)"
2026-01-06,DOT-USDT,2.235,sell,62.21666738776859,NEGATIVE,"Strong sell signal (score=-40)"
2026-01-06,ETH-USDT,3296.84,sell,69.39209690633507,NEGATIVE,"Strong sell signal (score=-40)"
2026-01-06,LTC-USDT,83.96,sell,58.435281892096725,NEGATIVE,"Strong sell signal (score=-25)"
2026-01-06,SOL-USDT,141.08,sell,67.22075098081068,NEGATIVE,"Strong sell signal (score=-40)"
2026-01-06,XRP-USDT,2.3042,sell,70.39436870873008,NEGATIVE,"Strong sell signal (score=-60)"
2026-01-07,ADA-USDT,0.4022,hold,53.46569900237864,NEGATIVE,"Neutral (score=-5)"
2026-01-07,BNB-USDT,900.3,sell,57.678959123299975,NEGATIVE,"Strong sell signal (score=-25)"
2026-01-07,BTC-USDT,91364.16,hold,54.974131840838695,NEGATIVE,"Neutral (score=-5)"
2026-01-07,DOGE-USDT,0.14642,sell,59.03001026768977,NEGATIVE,"Strong sell signal (score=-25)"
2026-01-07,DOT-USDT,2.145,sell,56.265148800759015,NEGATIVE,"Strong sell signal (score=-25)"
2026-01-07,ETH-USDT,3168.72,sell,57.519048663806885,NEGATIVE,"Strong sell signal (score=-25)"
2026-01-07,LTC-USDT,81.71,hold,51.90736182082246,NEGATIVE,"Neutral (score=-5)"
2026-01-07,SOL-USDT,136.39,sell,58.63923703372057,NEGATIVE,"Strong sell signal (score=-25)"
2026-01-07,XRP-USDT,2.1657,sell,59.18571025286934,NEGATIVE,"Strong sell signal (score=-25)"
2026-01-08,ADA-USDT,0.3956,hold,51.528248275009894,NEGATIVE,"Neutral (score=-5)"
2026-01-08,BNB-USDT,892.26,hold,54.73741594695769,NEGATIVE,"Neutral (score=-5)"
2026-01-08,BTC-USDT,91099.99,hold,53.96375247265864,NEGATIVE,"Neutral (score=-5)"
2026-01-08,DOGE-USDT,0.14194,hold,54.32792372764227,NEGATIVE,"Neutral (score=-5)"
2026-01-08,DOT-USDT,2.111,hold,54.15748830630002,NEGATIVE,"Neutral (score=-5)"
2026-01-08,ETH-USDT,3106.65,hold,52.805172336571204,NEGATIVE,"Neutral (score=-5)"
2026-01-08,LTC-USDT,81.31,hold,50.82043521068405,NEGATIVE,"Neutral (score=-5)"
2026-01-08,SOL-USDT,138.37,sell,60.908179479640154,NEGATIVE,"Strong sell signal (score=-40)"
2026-01-08,XRP-USDT,2.1232,hold,56.22711628344015,NEGATIVE,"Neutral (score=-5)"
2026-01-09,ADA-USDT,0.3914,hold,50.279608000917456,NEGATIVE,"Neutral (score=-5)"
2026-01-09,BNB-USDT,896.86,hold,56.11636085172573,NEGATIVE,"Neutral (score=-5)"
2026-01-09,BTC-USDT,90641.28,hold,52.17070339403932,NEGATIVE,"Neutral (score=-5)"
2026-01-09,DOGE-USDT,0.14071,hold,53.07782965419977,NEGATIVE,"Neutral (score=-5)"
2026-01-09,DOT-USDT,2.083,hold,52.4161230449569,NEGATIVE,"Neutral (score=-5)"
2026-01-09,ETH-USDT,3088.4,hold,51.46955301454693,NEGATIVE,"Neutral (score=-5)"
2026-01-09,LTC-USDT,81.49,hold,51.314482197941494,NEGATIVE,"Neutral (score=-5)"
2026-01-09,SOL-USDT,135.97,hold,56.83807958147034,NEGATIVE,"Neutral (score=-5)"
2026-01-09,XRP-USDT,2.0958,hold,54.34110920202815,NEGATIVE,"Neutral (score=-5)"
2026-01-10,ADA-USDT,0.3886,hold,49.41982941076107,NEGATIVE,"Neutral (score=-5)"
2026-01-10,BNB-USDT,907.93,sell,59.32766300140887,NEGATIVE,"Strong sell signal (score=-25)"
2026-01-10,BTC-USDT,90504.7,hold,51.6207223804526,NEGATIVE,"Neutral (score=-5)"
2026-01-10,DOGE-USDT,0.13965,hold,51.96803827032822,NEGATIVE,"Neutral (score=-5)"
2026-01-10,DOT-USDT,2.093,hold,52.99739575663366,NEGATIVE,"Neutral (score=-5)"
2026-01-10,ETH-USDT,3086.72,hold,51.340816987972204,NEGATIVE,"Neutral (score=-5)"
2026-01-10,LTC-USDT,81.19,hold,50.405624259710095,NEGATIVE,"Neutral (score=-5)"
2026-01-10,SOL-USDT,135.84,hold,56.61738278274372,NEGATIVE,"Neutral (score=-5)"
2026-01-10,XRP-USDT,2.0907,hold,53.978181553398976,NEGATIVE,"Neutral (score=-5)"
2026-01-11,ADA-USDT,0.391,hold,50.2058090883557,NEGATIVE,"Neutral (score=-5)"
2026-01-11,BNB-USDT,904.32,hold,57.841180012500935,NEGATIVE,"Neutral (score=-5)"
2026-01-11,BTC-USDT,91013.65,hold,53.58434567585644,NEGATIVE,"Neutral (score=-5)"
2026-01-11,DOGE-USDT,0.13801,hold,50.21853445869225,NEGATIVE,"Neutral (score=-5)"
2026-01-11,DOT-USDT,2.07,hold,51.44092348813734,NEGATIVE,"Neutral (score=-5)"
2026-01-11,ETH-USDT,3123.45,hold,54.04701612170161,NEGATIVE,"Neutral (score=-5)"
2026-01-11,LTC-USDT,78.79,hold,43.732422449064714,NEGATIVE,"Neutral (score=-5)"
2026-01-11,SOL-USDT,139.7,sell,61.40889389990784,NEGATIVE,"Strong sell signal (score=-40)"
2026-01-11,XRP-USDT,2.0745,hold,52.7725105036515,NEGATIVE,"Neutral (score=-5)"
2026-01-12,ADA-USDT,0.3862,hold,48.57987803216125,NEGATIVE,"Neutral (score=-5)"
2026-01-12,BNB-USDT,905.78,hold,58.29628104912658,NEGATIVE,"Neutral (score=-5)"
2026-01-12,BTC-USDT,91296.2,hold,54.68399766252479,NEGATIVE,"Neutral (score=-5)"
2026-01-12,DOGE-USDT,0.13662,hold,48.72142288184625,NEGATIVE,"Neutral (score=-5)"
2026-01-12,DOT-USDT,2.055,hold,50.40129854619404,NEGATIVE,"Neutral (score=-5)"
2026-01-12,ETH-USDT,3095.75,sell,51.711280140086046,NEGATIVE,"Strong sell signal (score=-35)"
2026-01-12,LTC-USDT,76.12,hold,37.74548198210552,NEGATIVE,"Neutral (score=0)"
2026-01-12,SOL-USDT,139.22,hold,60.51383819098252,NEGATIVE,"Neutral (score=-20)"
2026-01-12,XRP-USDT,2.054,hold,51.21360614863665,NEGATIVE,"Neutral (score=-5)"
2026-01-13,ADA-USDT,0.4218,sell,59.14717077312458,NEGATIVE,"Strong sell signal (score=-25)"
2026-01-13,BNB-USDT,943.73,sell,67.97387472913336,NEGATIVE,"Strong sell signal (score=-40)"
2026-01-13,BTC-USDT,95414,sell,66.96677094990693,NEGATIVE,"Strong sell signal (score=-40)"
2026-01-13,DOGE-USDT,0.14828,hold,59.601338833100236,NEGATIVE,"Neutral (score=-5)"
2026-01-13,DOT-USDT,2.282,sell,62.69013773091952,NEGATIVE,"Strong sell signal (score=-40)"
2026-01-13,ETH-USDT,3325.82,sell,65.17372552160079,NEGATIVE,"Strong sell signal (score=-40)"
2026-01-13,LTC-USDT,78.18,sell,44.10356451551418,NEGATIVE,"Strong sell signal (score=-35)"
2026-01-13,SOL-USDT,145.51,sell,67.25015022108288,NEGATIVE,"Strong sell signal (score=-40)"
2026-01-13,XRP-USDT,2.1655,hold,58.409878538666135,NEGATIVE,"Neutral (score=-5)"
2026-01-14,ADA-USDT,0.4143,hold,56.51224059496425,NEGATIVE,"Neutral (score=-5)"
2026-01-14,BNB-USDT,948.47,sell,68.94326712851614,NEGATIVE,"Strong sell signal (score=-40)"
2026-01-14,BTC-USDT,96951.78,sell,70.21371515592365,NEGATIVE,"Strong sell signal (score=-60)"
2026-01-14,DOGE-USDT,0.14718,hold,58.3436817977365,NEGATIVE,"Neutral (score=-5)"
2026-01-14,DOT-USDT,2.226,hold,58.81844446929401,NEGATIVE,"Neutral (score=-5)"
2026-01-14,ETH-USDT,3354.92,sell,66.44786254136457,NEGATIVE,"Strong sell signal (score=-40)"
2026-01-14,LTC-USDT,76.67,hold,40.813155613901216,NEGATIVE,"Neutral (score=-15)"
2026-01-14,SOL-USDT,146.69,sell,68.3413049269306,NEGATIVE,"Strong sell signal (score=-40)"
2026-01-14,XRP-USDT,2.1394,hold,56.31581631064627,NEGATIVE,"Neutral (score=-5)"
2026-01-15,ADA-USDT,0.3936,hold,49.90429006331502,NEGATIVE,"Neutral (score=-5)"
2026-01-15,BNB-USDT,931.2,sell,61.62435883876285,NEGATIVE,"Strong sell signal (score=-40)"
2026-01-15,BTC-USDT,95604.8,sell,64.25588235224383,NEGATIVE,"Strong sell signal (score=-40)"
2026-01-15,DOGE-USDT,0.14004,hold,50.84410094768247,NEGATIVE,"Neutral (score=-5)"
2026-01-15,DOT-USDT,2.117,hold,52.076754406916606,NEGATIVE,"Neutral (score=-5)"
2026-01-15,ETH-USDT,3318.69,sell,63.34078163299023,NEGATIVE,"Strong sell signal (score=-40)"
2026-01-15,LTC-USDT,72.21,hold,32.98535234176758,NEGATIVE,"Neutral (score=0)"
2026-01-15,SOL-USDT,142.4,hold,60.45506993551074,NEGATIVE,"Neutral (score=-20)"
2026-01-15,XRP-USDT,2.0789,hold,51.689794888260884,NEGATIVE,"Neutral (score=-5)"
2026-01-16,ADA-USDT,0.3955,hold,50.47669297386278,NEGATIVE,"Neutral (score=-5)"
2026-01-16,BNB-USDT,938.16,sell,63.314602290582236,NEGATIVE,"Strong sell signal (score=-40)"
2026-01-16,BTC-USDT,95550.94,sell,64.02195276207914,NEGATIVE,"Strong sell signal (score=-40)"
2026-01-16,DOGE-USDT,0.13813,hold,49.02853545878402,NEGATIVE,"Neutral (score=-5)"
2026-01-16,DOT-USDT,2.119,hold,52.18504909211297,NEGATIVE,"Neutral (score=-5)"
2026-01-16,ETH-USDT,3296.28,sell,61.42744150486828,NEGATIVE,"Strong sell signal (score=-40)"
2026-01-16,LTC-USDT,75.22,hold,41.1841542582098,NEGATIVE,"Neutral (score=-15)"
2026-01-16,SOL-USDT,144.89,sell,63.11552993290164,NEGATIVE,"Strong sell signal (score=-40)"
2026-01-16,XRP-USDT,2.0678,sell,50.86424720179459,NEGATIVE,"Strong sell signal (score=-35)"
2026-01-17,ADA-USDT,0.3973,hold,51.04735769349745,NEGATIVE,"Neutral (score=-5)"
2026-01-17,BNB-USDT,947.12,sell,65.42580139691194,NEGATIVE,"Strong sell signal (score=-40)"
2026-01-17,BTC-USDT,95147.77,hold,62.1966055187375,NEGATIVE,"Neutral (score=-20)"
2026-01-17,DOGE-USDT,0.13788,sell,48.78299046110251,NEGATIVE,"Strong sell signal (score=-35)"
2026-01-17,DOT-USDT,2.179,hold,55.43837713810791,NEGATIVE,"Neutral (score=-5)"
2026-01-17,ETH-USDT,3310.56,sell,62.21077691543869,NEGATIVE,"Strong sell signal (score=-40)"
2026-01-17,LTC-USDT,74.92,hold,40.65034714502536,NEGATIVE,"Neutral (score=-15)"
2026-01-17,SOL-USDT,143.72,hold,61.0375830228017,NEGATIVE,"Neutral (score=-20)"
2026-01-17,XRP-USDT,2.0631,sell,50.496492586292085,NEGATIVE,"Strong sell signal (score=-35)"
2026-01-18,ADA-USDT,0.3758,sell,44.45761860174648,NEGATIVE,"Strong sell signal (score=-35)"
2026-01-18,BNB-USDT,932.51,hold,59.420947765869236,NEGATIVE,"Neutral (score=-5)"
2026-01-18,BTC-USDT,93673.14,hold,55.91690097007116,NEGATIVE,"Neutral (score=-5)"
2026-01-18,DOGE-USDT,0.13164,sell,42.99498142481027,NEGATIVE,"Strong sell signal (score=-35)"
2026-01-18,DOT-USDT,2.065,hold,48.6634405052485,NEGATIVE,"Neutral (score=-5)"
2026-01-18,ETH-USDT,3284.03,hold,59.7817535702802,NEGATIVE,"Neutral (score=-5)"
2026-01-18,LTC-USDT,72.29,hold,36.21832662177135,NEGATIVE,"Neutral (score=0)"
2026-01-18,SOL-USDT,137.87,hold,51.84639830835426,NEGATIVE,"Neutral (score=-5)"
2026-01-18,XRP-USDT,1.9914,sell,45.13522919503596,NEGATIVE,"Strong sell signal (score=-35)"
2026-01-19,ADA-USDT,0.3703,sell,42.93084954863556,NEGATIVE,"Strong sell signal (score=-35)"
2026-01-19,BNB-USDT,923.6,hold,56.042750632161244,NEGATIVE,"Neutral (score=-5)"
2026-01-19,BTC-USDT,92631,hold,51.92673271295144,NEGATIVE,"Neutral (score=-5)"
2026-01-19,DOGE-USDT,0.12916,hold,40.917115298258935,NEGATIVE,"Neutral (score=-15)"
2026-01-19,DOT-USDT,2.028,sell,46.66995242491153,NEGATIVE,"Strong sell signal (score=-35)"
2026-01-19,ETH-USDT,3189.55,hold,51.995646614935694,NEGATIVE,"Neutral (score=-5)"
2026-01-19,LTC-USDT,70.8,hold,33.95934834189235,NEGATIVE,"Neutral (score=0)"
2026-01-19,SOL-USDT,133.44,sell,46.17589007668335,NEGATIVE,"Strong sell signal (score=-35)"
2026-01-19,XRP-USDT,1.986,sell,44.749877680340454,NEGATIVE,"Strong sell signal (score=-35)"
2026-01-20,ADA-USDT,0.3507,hold,37.93158409308735,NEGATIVE,"Neutral (score=0)"
2026-01-20,BNB-USDT,884.2,sell,44.10253501947106,NEGATIVE,"Strong sell signal (score=-35)"
2026-01-20,BTC-USDT,88427.66,hold,39.64003263150103,NEGATIVE,"Neutral (score=0)"
2026-01-20,DOGE-USDT,0.12336,hold,36.47713070555544,NEGATIVE,"Neutral (score=0)"
2026-01-20,DOT-USDT,1.897,hold,40.3651477769319,NEGATIVE,"Neutral (score=-15)"
2026-01-20,ETH-USDT,2939.88,hold,37.93505502827969,NEGATIVE,"Neutral (score=0)"
2026-01-20,LTC-USDT,67.12,hold,29.127310819182146,NEGATIVE,"Neutral (score=0)"
2026-01-20,SOL-USDT,125.8,hold,38.379746765707374,NEGATIVE,"Neutral (score=0)"
2026-01-20,XRP-USDT,1.89,hold,38.462854185428,NEGATIVE,"Neutral (score=0)"
2026-01-21,ADA-USDT,0.3659,hold,43.432972097765976,NEGATIVE,"Neutral (score=-15)"
2026-01-21,BNB-USDT,883.36,hold,43.887848504931,NEGATIVE,"Neutral (score=-15)"
2026-01-21,BTC-USDT,89454.73,hold,43.177978216927265,NEGATIVE,"Neutral (score=-15)"
2026-01-21,DOGE-USDT,0.12654,hold,40.302028537152694,NEGATIVE,"Neutral (score=-15)"
2026-01-21,DOT-USDT,1.955,hold,43.97397014665024,NEGATIVE,"Neutral (score=-15)"
2026-01-21,ETH-USDT,2982.27,hold,40.85924262576903,NEGATIVE,"Neutral (score=-15)"
2026-01-21,LTC-USDT,68.48,hold,32.92572824319537,NEGATIVE,"Neutral (score=0)"
2026-01-21,SOL-USDT,129.54,hold,43.41614430193935,NEGATIVE,"Neutral (score=-15)"
2026-01-21,XRP-USDT,1.9476,hold,43.584262848043615,NEGATIVE,"Neutral (score=-15)"
2026-01-22,ADA-USDT,0.3594,hold,41.72963482105968,NEGATIVE,"Neutral (score=-15)"
2026-01-22,BNB-USDT,888.06,sell,45.48683882324226,NEGATIVE,"Strong sell signal (score=-35)"
2026-01-22,BTC-USDT,89559.67,sell,43.542104924514554,NEGATIVE,"Strong sell signal (score=-35)"
2026-01-22,DOGE-USDT,0.12437,hold,38.59425721463181,NEGATIVE,"Neutral (score=0)"
2026-01-22,DOT-USDT,1.927,hold,42.632680059717245,NEGATIVE,"Neutral (score=-15)"
2026-01-22,ETH-USDT,2952.69,hold,39.46204487234735,NEGATIVE,"Neutral (score=0)"
2026-01-22,LTC-USDT,68.19,hold,32.525423705359344,NEGATIVE,"Neutral (score=0)"
2026-01-22,SOL-USDT,128.47,hold,42.34968672306022,NEGATIVE,"Neutral (score=-15)"
2026-01-22,XRP-USDT,1.9236,hold,42.015229185680674,NEGATIVE,"Neutral (score=-15)"
2026-01-23,ADA-USDT,0.3602,hold,42.03096214026778,NEGATIVE,"Neutral (score=-15)"
2026-01-23,BNB-USDT,891.63,sell,46.728599964779676,NEGATIVE,"Strong sell signal (score=-35)"
2026-01-23,BTC-USDT,89600.26,sell,43.692407176698985,NEGATIVE,"Strong sell signal (score=-35)"
2026-01-23,DOGE-USDT,0.12477,hold,39.10647992657454,NEGATIVE,"Neutral (score=0)"
2026-01-23,DOT-USDT,1.926,hold,42.582724120270264,NEGATIVE,"Neutral (score=-15)"
2026-01-23,ETH-USDT,2956.41,hold,39.741118044896936,NEGATIVE,"Neutral (score=0)"
2026-01-23,LTC-USDT,68.07,hold,32.350156989878876,NEGATIVE,"Neutral (score=0)"
2026-01-23,SOL-USDT,127.43,hold,41.288109538367216,NEGATIVE,"Neutral (score=-15)"
2026-01-23,XRP-USDT,1.9196,hold,41.745489068116996,NEGATIVE,"Neutral (score=-15)"
2026-01-24,ADA-USDT,0.3583,hold,41.4823038651332,NEGATIVE,"Neutral (score=-15)"
2026-01-24,BNB-USDT,887.17,sell,45.33909261488353,NEGATIVE,"Strong sell signal (score=-35)"
2026-01-24,BTC-USDT,89225.34,sell,42.565210165746755,NEGATIVE,"Strong sell signal (score=-35)"
2026-01-24,DOGE-USDT,0.12423,hold,38.63790199549515,NEGATIVE,"Neutral (score=0)"
2026-01-24,DOT-USDT,1.93,hold,42.87109081660068,NEGATIVE,"Neutral (score=-15)"
2026-01-24,ETH-USDT,2953.22,hold,39.57264985819858,NEGATIVE,"Neutral (score=0)"
2026-01-24,LTC-USDT,68.19,hold,32.740471759518016,NEGATIVE,"Neutral (score=0)"
2026-01-24,SOL-USDT,127.21,hold,41.053671863336675,NEGATIVE,"Neutral (score=-15)"
2026-01-24,XRP-USDT,1.9143,hold,41.366533324269476,NEGATIVE,"Neutral (score=-15)"
2026-01-25,ADA-USDT,0.3391,hold,36.32242247337721,NEGATIVE,"Neutral (score=0)"
2026-01-25,BNB-USDT,866.02,hold,39.361695940702056,NEGATIVE,"Neutral (score=0)"
2026-01-25,BTC-USDT,86670.36,hold,35.78912944929787,NEGATIVE,"Neutral (score=0)"
2026-01-25,DOGE-USDT,0.11945,hold,34.67700534878588,NEGATIVE,"Neutral (score=0)"
2026-01-25,DOT-USDT,1.823,hold,37.452440662326595,NEGATIVE,"Neutral (score=0)"
2026-01-25,ETH-USDT,2816.89,hold,33.112342745496925,NEGATIVE,"Neutral (score=0)"
2026-01-25,LTC-USDT,67.3,hold,31.29815587836522,NEGATIVE,"Neutral (score=0)"
2026-01-25,SOL-USDT,118.85,hold,33.312916480383066,NEGATIVE,"Neutral (score=0)"
2026-01-25,XRP-USDT,1.8356,hold,36.122765244770996,NEGATIVE,"Neutral (score=0)"
2026-01-26,ADA-USDT,0.3521,hold,41.61765674935564,POSITIVE,"Neutral (score=20)"
2026-01-26,BNB-USDT,879.41,hold,44.36273149734571,POSITIVE,"Neutral (score=0)"
2026-01-26,BTC-USDT,88347.08,hold,42.282753155964336,POSITIVE,"Neutral (score=0)"
2026-01-26,DOGE-USDT,0.12236,buy,38.79083411590404,POSITIVE,"Strong signal (score=35)"
2026-01-26,DOT-USDT,1.875,hold,41.33325462063434,POSITIVE,"Neutral (score=20)"
2026-01-26,ETH-USDT,2930.35,hold,41.64993490130627,POSITIVE,"Neutral (score=0)"
2026-01-26,LTC-USDT,69.72,hold,39.14798909870366,POSITIVE,"Neutral (score=15)"
2026-01-26,SOL-USDT,124.24,hold,41.032772752425885,POSITIVE,"Neutral (score=20)"
2026-01-26,XRP-USDT,1.9041,hold,42.906677029894716,POSITIVE,"Neutral (score=0)"
2026-01-27,ADA-USDT,0.3608,hold,44.91878746662907,POSITIVE,"Neutral (score=10)"
2026-01-27,BNB-USDT,898.36,hold,50.575288156554365,POSITIVE,"Neutral (score=10)"
2026-01-27,BTC-USDT,89250,hold,45.48022011833948,POSITIVE,"Neutral (score=10)"
2026-01-27,DOGE-USDT,0.12619,hold,43.80679770156825,POSITIVE,"Neutral (score=10)"
2026-01-27,DOT-USDT,1.876,hold,41.40854302504307,POSITIVE,"Neutral (score=30)"
2026-01-27,ETH-USDT,3026.77,hold,47.7531485676809,POSITIVE,"Neutral (score=10)"
2026-01-27,LTC-USDT,70.03,hold,40.0922800694412,POSITIVE,"Neutral (score=10)"
2026-01-27,SOL-USDT,127.19,hold,44.799209849628376,POSITIVE,"Neutral (score=10)"
2026-01-27,XRP-USDT,1.9158,hold,44.00062641187566,POSITIVE,"Neutral (score=10)"
2026-01-28,ADA-USDT,0.3583,sell,44.14631834187418,NEGATIVE,"Strong sell signal (score=-35)"
2026-01-28,BNB-USDT,902.91,sell,51.9622797124339,NEGATIVE,"Strong sell signal (score=-35)"
2026-01-28,BTC-USDT,89299.99,sell,45.659710406536306,NEGATIVE,"Strong sell signal (score=-35)"
2026-01-28,DOGE-USDT,0.125,sell,42.63766397989454,NEGATIVE,"Strong sell signal (score=-35)"
2026-01-28,DOT-USDT,1.87,sell,41.06799720423882,NEGATIVE,"Strong sell signal (score=-35)"
2026-01-28,ETH-USDT,3010.78,sell,46.87746466850826,NEGATIVE,"Strong sell signal (score=-35)"
2026-01-28,LTC-USDT,69.42,hold,38.81586194672283,NEGATIVE,"Neutral (score=-20)"
2026-01-28,SOL-USDT,125.35,sell,42.9562052827076,NEGATIVE,"Strong sell signal (score=-35)"
2026-01-28,XRP-USDT,1.9111,sell,43.63889821529191,NEGATIVE,"Strong sell signal (score=-35)"
2026-01-29,ADA-USDT,0.3347,hold,37.5768508993219,NEGATIVE,"Neutral (score=0)"
2026-01-29,BNB-USDT,868.69,hold,42.33899187556972,NEGATIVE,"Neutral (score=-15)"
2026-01-29,BTC-USDT,84650.16,hold,34.33626608942023,NEGATIVE,"Neutral (score=0)"
2026-01-29,DOGE-USDT,0.11728,hold,35.936978125228855,NEGATIVE,"Neutral (score=0)"
2026-01-29,DOT-USDT,1.736,hold,34.286220968995096,NEGATIVE,"Neutral (score=0)"
2026-01-29,ETH-USDT,2822.59,hold,38.03684674551191,NEGATIVE,"Neutral (score=0)"
2026-01-29,LTC-USDT,66.24,hold,32.930047901365995,NEGATIVE,"Neutral (score=0)"
2026-01-29,SOL-USDT,117.82,hold,36.363244147043275,NEGATIVE,"Neutral (score=0)"
2026-01-29,XRP-USDT,1.8076,hold,36.51905802288652,NEGATIVE,"Neutral (score=0)"
2026-01-30,ADA-USDT,0.3208,buy,34.335905873835095,POSITIVE,"Strong signal (score=45)"
2026-01-30,BNB-USDT,858.81,hold,40.033716497900016,POSITIVE,"Neutral (score=30)"
2026-01-30,BTC-USDT,84260.49,buy,33.58459120035162,POSITIVE,"Strong signal (score=45)"
2026-01-30,DOGE-USDT,0.11581,buy,34.815018564395984,POSITIVE,"Strong signal (score=45)"
2026-01-30,DOT-USDT,1.69,buy,32.31351717196358,POSITIVE,"Strong signal (score=45)"
2026-01-30,ETH-USDT,2707.38,buy,33.83049853412489,POSITIVE,"Strong signal (score=45)"
2026-01-30,LTC-USDT,65.47,buy,31.67749404349951,POSITIVE,"Strong signal (score=45)"
2026-01-30,SOL-USDT,117.59,buy,36.18058235980607,POSITIVE,"Strong signal (score=45)"
2026-01-30,XRP-USDT,1.7352,buy,32.52186753640382,POSITIVE,"Strong signal (score=45)"
2026-01-31,ADA-USDT,0.2936,buy,29.054974039440985,POSITIVE,"Strong signal (score=45)"
2026-01-31,BNB-USDT,781.38,buy,27.429075778929214,POSITIVE,"Strong signal (score=45)"
2026-01-31,BTC-USDT,78741.09,buy,25.177160360756723,POSITIVE,"Strong signal (score=45)"
2026-01-31,DOGE-USDT,0.10426,buy,27.539803733155495,POSITIVE,"Strong signal (score=45)"
2026-01-31,DOT-USDT,1.547,buy,27.09452453506333,POSITIVE,"Strong signal (score=45)"
2026-01-31,ETH-USDT,2451.95,buy,26.76382141649036,POSITIVE,"Strong signal (score=45)"
2026-01-31,LTC-USDT,59.53,buy,24.071079147789867,POSITIVE,"Strong signal (score=45)"
2026-01-31,SOL-USDT,105.58,buy,28.211459960573883,POSITIVE,"Strong signal (score=45)"
2026-01-31,XRP-USDT,1.6472,buy,28.446285559149263,POSITIVE,"Strong signal (score=45)"
2026-02-01,ADA-USDT,0.2858,buy,27.73750671025917,POSITIVE,"Strong signal (score=45)"
2026-02-01,BNB-USDT,758.54,buy,24.935126267450133,POSITIVE,"Strong signal (score=45)"
2026-02-01,BTC-USDT,76968.21,buy,23.170683154351657,POSITIVE,"Strong signal (score=45)"
2026-02-01,DOGE-USDT,0.10426,buy,27.539803733155495,POSITIVE,"Strong signal (score=45)"
2026-02-01,DOT-USDT,1.495,buy,25.482762405617482,POSITIVE,"Strong signal (score=45)"
2026-02-01,ETH-USDT,2270.15,buy,23.070108436839497,POSITIVE,"Strong signal (score=45)"
2026-02-01,LTC-USDT,58.49,buy,23.028460069361806,POSITIVE,"Strong signal (score=45)"
2026-02-01,SOL-USDT,100.79,buy,25.77319758637413,POSITIVE,"Strong signal (score=45)"
2026-02-01,XRP-USDT,1.5908,buy,26.181678977271954,POSITIVE,"Strong signal (score=45)"
2026-02-02,ADA-USDT,0.2991,hold,33.2919357470513,NEGATIVE,"Neutral (score=0)"
2026-02-02,BNB-USDT,773.94,hold,29.584094272375268,NEGATIVE,"Neutral (score=0)"
2026-02-02,BTC-USDT,78738.61,hold,29.235525474093837,NEGATIVE,"Neutral (score=0)"
2026-02-02,DOGE-USDT,0.10792,hold,32.707691643302155,NEGATIVE,"Neutral (score=0)"
2026-02-02,DOT-USDT,1.543,hold,29.643281915517566,NEGATIVE,"Neutral (score=0)"
2026-02-02,ETH-USDT,2347.02,hold,27.61881968334598,NEGATIVE,"Neutral (score=0)"
2026-02-02,LTC-USDT,60.02,hold,27.971320360755847,NEGATIVE,"Neutral (score=0)"
2026-02-02,SOL-USDT,104.55,hold,30.827111079494056,NEGATIVE,"Neutral (score=0)"
2026-02-02,XRP-USDT,1.6198,hold,29.298414357796553,NEGATIVE,"Neutral (score=0)"
2026-02-03,ADA-USDT,0.2917,buy,31.826134339766128,POSITIVE,"Strong signal (score=45)"
2026-02-03,BNB-USDT,754.78,buy,27.317276231344618,POSITIVE,"Strong signal (score=45)"
2026-02-03,BTC-USDT,75770.21,buy,25.588248038559446,POSITIVE,"Strong signal (score=45)"
2026-02-03,DOGE-USDT,0.10602,buy,31.453567054448417,POSITIVE,"Strong signal (score=45)"
2026-02-03,DOT-USDT,1.5,buy,28.128171714714075,POSITIVE,"Strong signal (score=45)"
2026-02-03,ETH-USDT,2233.72,buy,25.249100563990407,POSITIVE,"Strong signal (score=45)"
2026-02-03,LTC-USDT,59.48,buy,27.30485879754824,POSITIVE,"Strong signal (score=45)"
2026-02-03,SOL-USDT,97.89,buy,27.28355668503938,POSITIVE,"Strong signal (score=45)"
2026-02-03,XRP-USDT,1.5791,buy,27.540914800182986,POSITIVE,"Strong signal (score=45)"
2026-02-04,ADA-USDT,0.2864,hold,30.780824197451835,NEGATIVE,"Neutral (score=0)"
2026-02-04,BNB-USDT,697.27,hold,21.894457198416077,NEGATIVE,"Neutral (score=0)"
2026-02-04,BTC-USDT,73165.83,hold,22.890064301256093,NEGATIVE,"Neutral (score=0)"
2026-02-04,DOGE-USDT,0.10383,hold,30.024534042101724,NEGATIVE,"Neutral (score=0)"
2026-02-04,DOT-USDT,1.461,hold,26.79070519842638,NEGATIVE,"Neutral (score=0)"
2026-02-04,ETH-USDT,2148.26,hold,23.60399088290962,NEGATIVE,"Neutral (score=0)"
2026-02-04,LTC-USDT,58.89,hold,26.560234871954474,NEGATIVE,"Neutral (score=0)"
2026-02-04,SOL-USDT,92.12,hold,24.64085403714956,NEGATIVE,"Neutral (score=0)"
2026-02-04,XRP-USDT,1.512,hold,24.890038456568284,NEGATIVE,"Neutral (score=0)"
2026-02-05,ADA-USDT,0.2455,buy,24.18057875671347,POSITIVE,"Strong signal (score=45)"
2026-02-05,BNB-USDT,608.3,buy,16.452976423431934,POSITIVE,"Strong signal (score=45)"
2026-02-05,BTC-USDT,62909.86,buy,15.816948790244947,POSITIVE,"Strong signal (score=45)"
2026-02-05,DOGE-USDT,0.08849,buy,22.360994534877527,POSITIVE,"Strong signal (score=45)"
2026-02-05,DOT-USDT,1.248,buy,20.935686359565178,POSITIVE,"Strong signal (score=45)"
2026-02-05,ETH-USDT,1826.83,buy,18.675361458752633,POSITIVE,"Strong signal (score=45)"
2026-02-05,LTC-USDT,50.79,buy,18.928403982363402,POSITIVE,"Strong signal (score=45)"
2026-02-05,SOL-USDT,78.35,buy,19.72945505550368,POSITIVE,"Strong signal (score=45)"
2026-02-05,XRP-USDT,1.2146,buy,17.054693095720662,POSITIVE,"Strong signal (score=45)"
2026-02-06,ADA-USDT,0.2762,hold,35.38112019718264,NEGATIVE,"High volatility (8.64%) - hold"
2026-02-06,BNB-USDT,657.21,hold,27.169092160969793,NEGATIVE,"High volatility (7.05%) - hold"
2026-02-06,BTC-USDT,70580.26,hold,32.59315303320703,NEGATIVE,"High volatility (8.06%) - hold"
2026-02-06,DOGE-USDT,0.09848,hold,34.14899959333253,NEGATIVE,"High volatility (8.54%) - hold"
2026-02-06,DOT-USDT,1.368,hold,30.191955045648744,NEGATIVE,"High volatility (7.76%) - hold"
2026-02-06,ETH-USDT,2063.38,hold,30.22256806671942,NEGATIVE,"High volatility (9.14%) - hold"
2026-02-06,LTC-USDT,55.02,hold,30.206858805991093,NEGATIVE,"High volatility (7.28%) - hold"
2026-02-06,SOL-USDT,87.46,hold,29.711164583172696,NEGATIVE,"High volatility (8.87%) - hold"
2026-02-06,XRP-USDT,1.4698,hold,35.74658231434571,NEGATIVE,"High volatility (12.06%) - hold"
2026-02-07,ADA-USDT,0.2721,hold,34.645032282846614,NEGATIVE,"High volatility (8.13%) - hold"
2026-02-07,BNB-USDT,647,hold,26.407629531170727,NEGATIVE,"Neutral (score=0)"
2026-02-07,BTC-USDT,69289.38,hold,31.456994810160865,NEGATIVE,"High volatility (7.83%) - hold"
2026-02-07,DOGE-USDT,0.09823,hold,34.00983649228622,NEGATIVE,"High volatility (7.78%) - hold"
2026-02-07,DOT-USDT,1.372,hold,30.48410310548254,NEGATIVE,"High volatility (7.37%) - hold"
2026-02-07,ETH-USDT,2087.08,hold,31.27544308280022,NEGATIVE,"High volatility (8.86%) - hold"
2026-02-07,LTC-USDT,55.19,hold,30.624573530696725,NEGATIVE,"Neutral (score=0)"
2026-02-07,SOL-USDT,87.59,hold,29.845229635585156,NEGATIVE,"High volatility (8.47%) - hold"
2026-02-07,XRP-USDT,1.4231,hold,34.226574871831495,NEGATIVE,"High volatility (11.99%) - hold"
2026-02-08,ADA-USDT,0.2701,hold,34.27048284128524,NEGATIVE,"High volatility (8.09%) - hold"
2026-02-08,BNB-USDT,639.93,hold,25.867002291411268,NEGATIVE,"Neutral (score=0)"
2026-02-08,BTC-USDT,70330.38,hold,33.471055775671616,NEGATIVE,"High volatility (7.91%) - hold"
2026-02-08,DOGE-USDT,0.09663,hold,33.080687632661224,NEGATIVE,"High volatility (7.78%) - hold"
2026-02-08,DOT-USDT,1.337,hold,29.32754878976396,NEGATIVE,"High volatility (7.35%) - hold"
2026-02-08,ETH-USDT,2089.74,hold,31.40055549903315,NEGATIVE,"High volatility (8.54%) - hold"
2026-02-08,LTC-USDT,54.53,hold,29.87694994044647,NEGATIVE,"Neutral (score=0)"
2026-02-08,SOL-USDT,86.99,hold,29.56494525585188,NEGATIVE,"High volatility (8.43%) - hold"
2026-02-08,XRP-USDT,1.4308,hold,34.71946871899604,NEGATIVE,"High volatility (11.98%) - hold"
2026-02-09,ADA-USDT,0.2699,hold,34.23062922369496,NEGATIVE,"High volatility (7.77%) - hold"
2026-02-09,BNB-USDT,636.39,hold,25.584569479255713,NEGATIVE,"Neutral (score=0)"
2026-02-09,BTC-USDT,70138,hold,33.27645685675545,NEGATIVE,"High volatility (7.78%) - hold"
2026-02-09,DOGE-USDT,0.09611,hold,32.76736603591578,NEGATIVE,"High volatility (7.56%) - hold"
2026-02-09,DOT-USDT,1.32,hold,28.756859621779746,NEGATIVE,"High volatility (7.07%) - hold"
2026-02-09,ETH-USDT,2105.02,hold,32.16451754309735,NEGATIVE,"High volatility (8.37%) - hold"
2026-02-09,LTC-USDT,54.45,hold,29.782042957519433,NEGATIVE,"Neutral (score=0)"
2026-02-09,SOL-USDT,86.77,hold,29.455713320475112,NEGATIVE,"High volatility (8.13%) - hold"
2026-02-09,XRP-USDT,1.437,hold,35.14093156262533,NEGATIVE,"High volatility (11.94%) - hold"
2026-02-10,ADA-USDT,0.262,hold,32.61710773707632,POSITIVE,"High volatility (7.79%) - hold"
2026-02-10,BNB-USDT,619.85,buy,24.252163820538904,POSITIVE,"Strong signal (score=45)"
2026-02-10,BTC-USDT,68841.29,hold,31.928972959884494,POSITIVE,"High volatility (7.72%) - hold"
2026-02-10,DOGE-USDT,0.09277,hold,30.752596397030224,POSITIVE,"High volatility (7.60%) - hold"
2026-02-10,DOT-USDT,1.283,hold,27.502468350959287,POSITIVE,"High volatility (7.07%) - hold"
2026-02-10,ETH-USDT,2022.67,hold,30.21174387610917,POSITIVE,"High volatility (8.31%) - hold"
2026-02-10,LTC-USDT,53.38,buy,28.47898168256694,POSITIVE,"Strong signal (score=45)"
2026-02-10,SOL-USDT,82.99,hold,27.5708636326579,POSITIVE,"High volatility (7.99%) - hold"
2026-02-10,XRP-USDT,1.3999,hold,33.73730088767473,POSITIVE,"High volatility (11.94%) - hold"
2026-02-11,ADA-USDT,0.2559,hold,31.386852931135518,NEGATIVE,"High volatility (7.80%) - hold"
2026-02-11,BNB-USDT,608.11,hold,23.323683363272036,NEGATIVE,"Neutral (score=0)"
2026-02-11,BTC-USDT,67082.52,hold,30.145913496636346,NEGATIVE,"High volatility (7.68%) - hold"
2026-02-11,DOGE-USDT,0.09112,hold,29.778484999311257,NEGATIVE,"High volatility (7.60%) - hold"
2026-02-11,DOT-USDT,1.256,hold,26.59093635053501,NEGATIVE,"High volatility (7.07%) - hold"
2026-02-11,ETH-USDT,1941.18,hold,28.375843755730855,NEGATIVE,"High volatility (8.33%) - hold"
2026-02-11,LTC-USDT,52.32,hold,27.20890990331448,NEGATIVE,"Neutral (score=0)"
2026-02-11,SOL-USDT,79.3,hold,25.833054079117584,NEGATIVE,"High volatility (7.90%) - hold"
2026-02-11,XRP-USDT,1.3697,hold,32.59594553288041,NEGATIVE,"High volatility (11.87%) - hold"
2026-02-12,ADA-USDT,0.2643,hold,35.02143018870453,NEGATIVE,"Neutral (score=-20)"
2026-02-12,BNB-USDT,614.29,hold,24.952468315309766,NEGATIVE,"Neutral (score=-20)"
2026-02-12,BTC-USDT,66272.17,hold,29.333106911479263,NEGATIVE,"Neutral (score=0)"
2026-02-12,DOGE-USDT,0.093,hold,32.40569932770943,NEGATIVE,"Neutral (score=-20)"
2026-02-12,DOT-USDT,1.283,hold,29.120837243780283,NEGATIVE,"Neutral (score=-20)"
2026-02-12,ETH-USDT,1947.85,hold,28.757453005613193,NEGATIVE,"Neutral (score=-20)"
2026-02-12,LTC-USDT,53.15,hold,29.847101542072057,NEGATIVE,"Neutral (score=-20)"
2026-02-12,SOL-USDT,78.4,hold,25.412330233752684,NEGATIVE,"Neutral (score=0)"
2026-02-12,XRP-USDT,1.3635,hold,32.353950034851145,NEGATIVE,"High volatility (8.53%) - hold"
2026-02-13,ADA-USDT,0.2632,hold,34.76174557152137,POSITIVE,"Neutral (score=25)"
2026-02-13,BNB-USDT,599.2,hold,23.63240179636758,POSITIVE,"Neutral (score=25)"
2026-02-13,BTC-USDT,67125.72,hold,31.430270059229535,POSITIVE,"Neutral (score=25)"
2026-02-13,DOGE-USDT,0.09354,hold,33.17901845782865,POSITIVE,"Neutral (score=25)"
2026-02-13,DOT-USDT,1.276,hold,28.843302241228518,POSITIVE,"Neutral (score=25)"
2026-02-13,ETH-USDT,1962.32,hold,29.633351184126138,POSITIVE,"Neutral (score=25)"
2026-02-13,LTC-USDT,53.43,hold,30.758812648136285,POSITIVE,"Neutral (score=25)"
2026-02-13,SOL-USDT,80.09,hold,27.790509207770725,POSITIVE,"Neutral (score=25)"
2026-02-13,XRP-USDT,1.3629,hold,32.32893625274884,POSITIVE,"Neutral (score=25)"